{
  "exported_at": "2026-02-05T19:44:42.110587",
  "version": "1.0.0",
  "stats": {
    "total_providers": 8,
    "states_covered": 3,
    "with_npi": 0,
    "avg_confidence": null
  },
  "providers": [
    {
      "id": "916d591d-1fca-47b3-be99-abaf804b0bd8",
      "npi": null,
      "legal_name": "BrightStar Care of Macomb",
      "dba_names": [],
      "name_variations": [
        "brightstar care of macomb"
      ],
      "address_full": "5000 Van Dyke Ave, Sterling Heights, MI 48310",
      "address_street": null,
      "address_city": "Sterling Heights",
      "address_state": "MI",
      "address_zip": null,
      "location_website": null,
      "parent_website": null,
      "alternative_urls": [],
      "parent_organization": "BrightStar Care",
      "franchise_status": false,
      "franchise_id": null,
      "provider_type": null,
      "npi_taxonomy_code": null,
      "npi_taxonomy_desc": null,
      "npi_status": null,
      "npi_enumeration_date": null,
      "phone": "586-555-4000",
      "fax": null,
      "email": null,
      "confidence_score": null,
      "created_at": "2026-02-05T19:20:00.470095",
      "validated_at": "2026-02-05T19:20:00.470096",
      "last_updated": "2026-02-05T19:20:00.470196",
      "raw_search_data": null,
      "raw_npi_data": null
    },
    {
      "id": "4d1b2129-26e6-448d-8cd4-7a008e034fdc",
      "npi": null,
      "legal_name": "CK Franchising Inc",
      "dba_names": [],
      "name_variations": [
        "ck franchising",
        "ck franchising inc"
      ],
      "address_full": "500 Maple Road, Troy, MI 48084",
      "address_street": null,
      "address_city": "Troy",
      "address_state": "MI",
      "address_zip": null,
      "location_website": null,
      "parent_website": null,
      "alternative_urls": [],
      "parent_organization": "Comfort Keepers",
      "franchise_status": false,
      "franchise_id": null,
      "provider_type": null,
      "npi_taxonomy_code": null,
      "npi_taxonomy_desc": null,
      "npi_status": null,
      "npi_enumeration_date": null,
      "phone": "248-555-1234",
      "fax": null,
      "email": null,
      "confidence_score": null,
      "created_at": "2026-02-05T19:20:00.462190",
      "validated_at": "2026-02-05T19:20:00.462191",
      "last_updated": "2026-02-05T19:20:00.462303",
      "raw_search_data": null,
      "raw_npi_data": null
    },
    {
      "id": "8310646b-80e9-4f28-9921-8c671580ee02",
      "npi": null,
      "legal_name": "Comfort Keepers of Oakland County",
      "dba_names": [],
      "name_variations": [
        "comfort keepers of oakland county"
      ],
      "address_full": "500 Maple Road, Troy, MI 48084",
      "address_street": null,
      "address_city": "Troy",
      "address_state": "MI",
      "address_zip": null,
      "location_website": null,
      "parent_website": null,
      "alternative_urls": [],
      "parent_organization": "Comfort Keepers",
      "franchise_status": false,
      "franchise_id": "CK-892",
      "provider_type": null,
      "npi_taxonomy_code": null,
      "npi_taxonomy_desc": null,
      "npi_status": null,
      "npi_enumeration_date": null,
      "phone": "248-555-1234",
      "fax": null,
      "email": null,
      "confidence_score": null,
      "created_at": "2026-02-05T19:20:00.459535",
      "validated_at": "2026-02-05T19:20:00.459537",
      "last_updated": "2026-02-05T19:20:00.459684",
      "raw_search_data": null,
      "raw_npi_data": null
    },
    {
      "id": "5b4d2d4b-195b-4d03-bf96-81a1824e62fe",
      "npi": null,
      "legal_name": "GCP REIT IV",
      "dba_names": [],
      "name_variations": [
        "gcp reit iv"
      ],
      "address_full": "303 West Madison Street, Suite 1500, Chicago, IL 60606",
      "address_street": null,
      "address_city": "Chicago",
      "address_state": "IL",
      "address_zip": null,
      "location_website": "http://www.greencourtepartners.com",
      "parent_website": null,
      "alternative_urls": [],
      "parent_organization": "Green Courte Partners, LLC",
      "franchise_status": false,
      "franchise_id": null,
      "provider_type": "Real Estate Investment Trust (REIT)",
      "npi_taxonomy_code": null,
      "npi_taxonomy_desc": null,
      "npi_status": null,
      "npi_enumeration_date": null,
      "phone": null,
      "fax": null,
      "email": null,
      "confidence_score": null,
      "created_at": "2026-02-05T16:38:18.811359",
      "validated_at": "2026-02-05T16:38:18.811365",
      "last_updated": "2026-02-05T16:38:18.811779",
      "raw_search_data": {
        "ceo": "David Lentz",
        "notes": "Not a healthcare provider - owns senior independent living communities. No NPI. Michigan connections include GCP IV MH Management LLC and properties in Shelby Township area.",
        "president": "Mark Engel II",
        "property_type": "Residential - Senior Independent Living",
        "listing_status": "Private",
        "nareit_member_since": 2020
      },
      "raw_npi_data": null
    },
    {
      "id": "cd1e955f-23cb-46bf-b88f-5f58ce357775",
      "npi": null,
      "legal_name": "Home Instead - Metrowest",
      "dba_names": [],
      "name_variations": [
        "home instead - metrowest"
      ],
      "address_full": "65 Central St, Wellesley, MA 02482",
      "address_street": null,
      "address_city": "Wellesley",
      "address_state": "MA",
      "address_zip": null,
      "location_website": "https://homeinstead.com/metrowest",
      "parent_website": null,
      "alternative_urls": [],
      "parent_organization": "Home Instead Inc",
      "franchise_status": false,
      "franchise_id": null,
      "provider_type": null,
      "npi_taxonomy_code": null,
      "npi_taxonomy_desc": null,
      "npi_status": null,
      "npi_enumeration_date": null,
      "phone": "781-237-3636",
      "fax": null,
      "email": null,
      "confidence_score": null,
      "created_at": "2026-02-05T19:20:00.279976",
      "validated_at": "2026-02-05T19:20:00.279985",
      "last_updated": "2026-02-05T19:20:00.280201",
      "raw_search_data": null,
      "raw_npi_data": null
    },
    {
      "id": "df0ece2e-c16f-46d5-b7b1-bd33b95e3e26",
      "npi": null,
      "legal_name": "Home Instead Senior Care of Boston",
      "dba_names": [],
      "name_variations": [
        "home instead senior care of boston"
      ],
      "address_full": "123 Main St, Boston, MA 02101",
      "address_street": null,
      "address_city": "Boston",
      "address_state": "MA",
      "address_zip": null,
      "location_website": "https://homeinstead.com/boston",
      "parent_website": null,
      "alternative_urls": [],
      "parent_organization": "Home Instead Inc",
      "franchise_status": false,
      "franchise_id": null,
      "provider_type": null,
      "npi_taxonomy_code": null,
      "npi_taxonomy_desc": null,
      "npi_status": null,
      "npi_enumeration_date": null,
      "phone": "617-555-0100",
      "fax": null,
      "email": null,
      "confidence_score": null,
      "created_at": "2026-02-05T19:20:00.455725",
      "validated_at": "2026-02-05T19:20:00.455730",
      "last_updated": "2026-02-05T19:20:00.455992",
      "raw_search_data": null,
      "raw_npi_data": null
    },
    {
      "id": "9f9447f5-2cad-4655-97a7-f397b977f7fb",
      "npi": null,
      "legal_name": "Visiting Angels of Boston",
      "dba_names": [],
      "name_variations": [
        "visiting angels of boston"
      ],
      "address_full": "200 State St, Boston, MA 02109",
      "address_street": null,
      "address_city": "Boston",
      "address_state": "MA",
      "address_zip": null,
      "location_website": null,
      "parent_website": null,
      "alternative_urls": [],
      "parent_organization": "Visiting Angels",
      "franchise_status": false,
      "franchise_id": null,
      "provider_type": null,
      "npi_taxonomy_code": null,
      "npi_taxonomy_desc": null,
      "npi_status": null,
      "npi_enumeration_date": null,
      "phone": "617-555-2000",
      "fax": null,
      "email": null,
      "confidence_score": null,
      "created_at": "2026-02-05T19:20:00.464490",
      "validated_at": "2026-02-05T19:20:00.464492",
      "last_updated": "2026-02-05T19:20:00.464661",
      "raw_search_data": null,
      "raw_npi_data": null
    },
    {
      "id": "0138c373-8b2a-44ec-93b0-d47a27883d0c",
      "npi": null,
      "legal_name": "Visiting Angels of Detroit",
      "dba_names": [],
      "name_variations": [
        "visiting angels of detroit"
      ],
      "address_full": "1000 Woodward Ave, Detroit, MI 48226",
      "address_street": null,
      "address_city": "Detroit",
      "address_state": "MI",
      "address_zip": null,
      "location_website": null,
      "parent_website": null,
      "alternative_urls": [],
      "parent_organization": "Visiting Angels",
      "franchise_status": false,
      "franchise_id": null,
      "provider_type": null,
      "npi_taxonomy_code": null,
      "npi_taxonomy_desc": null,
      "npi_status": null,
      "npi_enumeration_date": null,
      "phone": "313-555-3000",
      "fax": null,
      "email": null,
      "confidence_score": null,
      "created_at": "2026-02-05T19:20:00.467756",
      "validated_at": "2026-02-05T19:20:00.467757",
      "last_updated": "2026-02-05T19:20:00.467916",
      "raw_search_data": null,
      "raw_npi_data": null
    }
  ]
}